admin0_name,admin1_name,scenario,timeframe,year,variable,season,mean,max,min,mean_anomaly,max_anomaly,min_anomaly,n_models
Togo,Kara,ssp126,2021-2040,2021,PTOT,annual,1563.4,1640.4,1470.3,257.5,334.4,164.3,5
Togo,Kara,ssp370,2021-2040,2021,PTOT,annual,1576.1,1737.4,1517.7,270.1,431.4,211.7,5
Togo,Kara,ssp585,2021-2040,2021,PTOT,annual,1673.3,1859.7,1418.9,367.3,553.7,112.9,5
Togo,Kara,ssp126,2021-2040,2021,TAVG,annual,28.9,29.2,28.7,0.4,0.7,0.2,5
Togo,Kara,ssp245,2021-2040,2021,TAVG,annual,28.8,29,28.4,0.3,0.5,-0.1,5
Togo,Kara,ssp370,2021-2040,2021,TAVG,annual,28.8,28.9,28.6,0.3,0.4,0,5
Togo,Kara,ssp585,2021-2040,2021,TAVG,annual,28.8,29,28.7,0.3,0.5,0.2,5
Togo,Kara,ssp126,2021-2040,2021,TMAX,annual,37.7,38.2,37.5,0.4,0.9,0.2,5
Togo,Kara,ssp245,2021-2040,2021,TMAX,annual,37.5,37.9,36.9,0.1,0.6,-0.5,5
Togo,Kara,ssp370,2021-2040,2021,TMAX,annual,37.6,38,37,0.2,0.7,-0.3,5
Togo,Kara,ssp585,2021-2040,2021,TMAX,annual,37.8,38.2,37.4,0.4,0.8,0.1,5
Togo,Kara,ssp126,2021-2040,2022,PTOT,annual,1452.1,1517.2,1324.3,146.2,211.2,18.3,5
Togo,Kara,ssp370,2021-2040,2022,PTOT,annual,1413.2,1513.2,1372.9,107.2,207.2,66.9,5
Togo,Kara,ssp585,2021-2040,2022,PTOT,annual,1578.4,2063.2,1284.3,272.4,757.2,-21.7,5
Togo,Kara,ssp126,2021-2040,2022,TAVG,annual,28.8,29.2,28.7,0.3,0.7,0.2,5
Togo,Kara,ssp245,2021-2040,2022,TAVG,annual,28.7,28.9,28.3,0.2,0.4,-0.2,5
Togo,Kara,ssp370,2021-2040,2022,TAVG,annual,28.7,28.8,28.5,0.2,0.3,0,5
Togo,Kara,ssp585,2021-2040,2022,TAVG,annual,28.8,28.9,28.6,0.3,0.4,0.1,5
Togo,Kara,ssp126,2021-2040,2022,TMAX,annual,37.8,38.3,37.6,0.5,1,0.3,5
Togo,Kara,ssp245,2021-2040,2022,TMAX,annual,37.6,38.2,36.8,0.3,0.8,-0.5,5
Togo,Kara,ssp370,2021-2040,2022,TMAX,annual,37.6,38,36.9,0.2,0.7,-0.4,5
Togo,Kara,ssp585,2021-2040,2022,TMAX,annual,37.7,38.1,37.4,0.4,0.8,0,5
Togo,Kara,ssp126,2021-2040,2023,PTOT,annual,1490.8,1554.9,1387.9,184.9,248.9,81.9,5
Togo,Kara,ssp370,2021-2040,2023,PTOT,annual,1477.6,1579.4,1420.4,171.6,273.4,114.4,5
Togo,Kara,ssp585,2021-2040,2023,PTOT,annual,1559.8,1703.6,1337.9,253.9,397.6,31.9,5
Togo,Kara,ssp126,2021-2040,2023,TAVG,annual,28.9,29.2,28.7,0.4,0.7,0.2,5
Togo,Kara,ssp245,2021-2040,2023,TAVG,annual,28.8,29,28.4,0.3,0.5,-0.1,5
Togo,Kara,ssp370,2021-2040,2023,TAVG,annual,28.8,28.9,28.6,0.3,0.4,0.1,5
Togo,Kara,ssp585,2021-2040,2023,TAVG,annual,28.8,29,28.7,0.3,0.5,0.2,5
Togo,Kara,ssp126,2021-2040,2023,TMAX,annual,36.7,37.2,36.5,-0.6,-0.1,-0.8,5
Togo,Kara,ssp245,2021-2040,2023,TMAX,annual,36.5,37,35.6,-0.8,-0.3,-1.7,5
Togo,Kara,ssp370,2021-2040,2023,TMAX,annual,36.4,36.7,35.8,-0.9,-0.6,-1.5,5
Togo,Kara,ssp585,2021-2040,2023,TMAX,annual,36.5,36.9,36.2,-0.8,-0.5,-1.2,5
Togo,Kara,ssp126,2021-2040,2024,PTOT,annual,1495.5,1551.9,1370.6,189.5,245.9,64.6,5
Togo,Kara,ssp370,2021-2040,2024,PTOT,annual,1466.5,1575.2,1417.5,160.6,269.2,111.5,5
Togo,Kara,ssp585,2021-2040,2024,PTOT,annual,1598.5,1935.1,1321.8,292.5,629.1,15.8,5
Togo,Kara,ssp126,2021-2040,2024,TAVG,annual,29.3,29.7,29.2,0.8,1.2,0.7,5
Togo,Kara,ssp245,2021-2040,2024,TAVG,annual,29.3,29.4,28.9,0.8,0.9,0.3,5
Togo,Kara,ssp370,2021-2040,2024,TAVG,annual,29.2,29.4,29,0.7,0.9,0.5,5
Togo,Kara,ssp585,2021-2040,2024,TAVG,annual,29.3,29.4,29.1,0.8,0.9,0.6,5
Togo,Kara,ssp126,2021-2040,2024,TMAX,annual,38.4,38.8,38.1,1,1.5,0.8,5
Togo,Kara,ssp245,2021-2040,2024,TMAX,annual,38.2,38.6,37.5,0.8,1.2,0.1,5
Togo,Kara,ssp370,2021-2040,2024,TMAX,annual,38.2,38.6,37.6,0.8,1.3,0.3,5
Togo,Kara,ssp585,2021-2040,2024,TMAX,annual,38.4,38.8,38,1,1.4,0.7,5
Togo,Kara,ssp126,2021-2040,2025,PTOT,annual,1533.8,1622.5,1400.3,227.9,316.5,94.3,5
Togo,Kara,ssp370,2021-2040,2025,PTOT,annual,1498.6,1623.6,1447,192.6,317.6,141,5
Togo,Kara,ssp585,2021-2040,2025,PTOT,annual,1706,2283.2,1345.9,400.1,977.2,39.9,5
Togo,Kara,ssp126,2021-2040,2025,TAVG,annual,29,29.3,28.9,0.5,0.8,0.3,5
Togo,Kara,ssp245,2021-2040,2025,TAVG,annual,28.9,29.1,28.5,0.4,0.6,0,5
Togo,Kara,ssp370,2021-2040,2025,TAVG,annual,28.9,29,28.7,0.4,0.5,0.2,5
Togo,Kara,ssp585,2021-2040,2025,TAVG,annual,28.9,29.1,28.8,0.4,0.6,0.3,5
Togo,Kara,ssp126,2021-2040,2025,TMAX,annual,37.6,38,37.3,0.2,0.7,0,5
Togo,Kara,ssp245,2021-2040,2025,TMAX,annual,37.3,37.8,36.7,0,0.4,-0.6,5
Togo,Kara,ssp370,2021-2040,2025,TMAX,annual,37.5,37.9,36.8,0.1,0.6,-0.5,5
Togo,Kara,ssp585,2021-2040,2025,TMAX,annual,37.6,38,37.3,0.3,0.7,0,5
Togo,Kara,ssp126,2021-2040,2026,PTOT,annual,1379.8,1510,1268.2,73.9,204,-37.8,5
Togo,Kara,ssp370,2021-2040,2026,PTOT,annual,1354.1,1446.7,1305.4,48.2,140.7,-0.6,5
Togo,Kara,ssp585,2021-2040,2026,PTOT,annual,1416.8,1548,1228,110.9,242,-78,5
Togo,Kara,ssp126,2021-2040,2026,TAVG,annual,28.8,29.1,28.6,0.3,0.7,0.1,5
Togo,Kara,ssp245,2021-2040,2026,TAVG,annual,28.7,28.9,28.3,0.2,0.4,-0.2,5
Togo,Kara,ssp370,2021-2040,2026,TAVG,annual,28.7,28.8,28.5,0.2,0.3,0,5
Togo,Kara,ssp585,2021-2040,2026,TAVG,annual,28.7,28.9,28.6,0.2,0.4,0.1,5
Togo,Kara,ssp126,2021-2040,2026,TMAX,annual,37.9,38.4,37.7,0.6,1.1,0.4,5
Togo,Kara,ssp245,2021-2040,2026,TMAX,annual,37.7,38.1,37.1,0.3,0.8,-0.3,5
Togo,Kara,ssp370,2021-2040,2026,TMAX,annual,37.8,38.2,37.1,0.4,0.9,-0.2,5
Togo,Kara,ssp585,2021-2040,2026,TMAX,annual,38,38.4,37.6,0.6,1,0.3,5
Togo,Kara,ssp126,2021-2040,2027,PTOT,annual,1141,1191.7,1067.6,-165,-114.3,-238.4,5
Togo,Kara,ssp370,2021-2040,2027,PTOT,annual,1155,1257.6,1094.5,-150.9,-48.4,-211.5,5
Togo,Kara,ssp585,2021-2040,2027,PTOT,annual,1207.5,1328.3,1047.7,-98.5,22.3,-258.3,5
Togo,Kara,ssp126,2021-2040,2027,TAVG,annual,29,29.3,28.8,0.5,0.8,0.3,5
Togo,Kara,ssp245,2021-2040,2027,TAVG,annual,28.9,29.1,28.5,0.4,0.6,0,5
Togo,Kara,ssp370,2021-2040,2027,TAVG,annual,28.9,29,28.6,0.4,0.5,0.1,5
Togo,Kara,ssp585,2021-2040,2027,TAVG,annual,28.9,29.1,28.8,0.4,0.6,0.3,5
Togo,Kara,ssp126,2021-2040,2027,TMAX,annual,38.3,38.7,38,0.9,1.4,0.7,5
Togo,Kara,ssp245,2021-2040,2027,TMAX,annual,38,38.4,37.4,0.7,1.1,0.1,5
Togo,Kara,ssp370,2021-2040,2027,TMAX,annual,38.1,38.5,37.5,0.8,1.2,0.2,5
Togo,Kara,ssp585,2021-2040,2027,TMAX,annual,38.3,38.7,38,1,1.4,0.6,5
Togo,Kara,ssp126,2021-2040,2028,PTOT,annual,1325.6,1387,1233.9,19.7,81,-72.1,5
Togo,Kara,ssp370,2021-2040,2028,PTOT,annual,1314.5,1425,1268.7,8.5,119,-37.3,5
Togo,Kara,ssp585,2021-2040,2028,PTOT,annual,1416.4,1608.1,1188.2,110.4,302.1,-117.8,5
Togo,Kara,ssp126,2021-2040,2028,TAVG,annual,29.1,29.4,29,0.6,0.9,0.5,5
Togo,Kara,ssp245,2021-2040,2028,TAVG,annual,29,29.2,28.6,0.5,0.7,0.1,5
Togo,Kara,ssp370,2021-2040,2028,TAVG,annual,29,29.1,28.8,0.5,0.6,0.3,5
Togo,Kara,ssp585,2021-2040,2028,TAVG,annual,29.1,29.2,28.9,0.6,0.7,0.4,5
Togo,Kara,ssp126,2021-2040,2028,TMAX,annual,38.2,38.6,37.9,0.8,1.3,0.6,5
Togo,Kara,ssp245,2021-2040,2028,TMAX,annual,38,38.4,37.3,0.7,1,0,5
Togo,Kara,ssp370,2021-2040,2028,TMAX,annual,38.1,38.5,37.4,0.7,1.2,0.1,5
Togo,Kara,ssp585,2021-2040,2028,TMAX,annual,38.2,38.6,37.9,0.9,1.3,0.6,5
Togo,Kara,ssp126,2021-2040,2029,PTOT,annual,1628,1704,1510.1,322.1,398,204.1,5
Togo,Kara,ssp370,2021-2040,2029,PTOT,annual,1612.1,1743.3,1566.1,306.2,437.3,260.1,5
Togo,Kara,ssp585,2021-2040,2029,PTOT,annual,1804.7,2341.8,1452.5,498.7,1035.8,146.5,5
Togo,Kara,ssp126,2021-2040,2029,TAVG,annual,29.3,29.6,29.1,0.8,1.1,0.6,5
Togo,Kara,ssp245,2021-2040,2029,TAVG,annual,29.2,29.4,28.8,0.7,0.9,0.3,5
Togo,Kara,ssp370,2021-2040,2029,TAVG,annual,29.2,29.3,29,0.7,0.8,0.5,5
Togo,Kara,ssp585,2021-2040,2029,TAVG,annual,29.2,29.4,29.1,0.7,0.9,0.6,5
Togo,Kara,ssp126,2021-2040,2029,TMAX,annual,38.4,38.8,38.1,1,1.5,0.8,5
Togo,Kara,ssp245,2021-2040,2029,TMAX,annual,38.2,38.5,37.5,0.8,1.2,0.2,5
Togo,Kara,ssp370,2021-2040,2029,TMAX,annual,38.2,38.6,37.6,0.8,1.3,0.3,5
Togo,Kara,ssp585,2021-2040,2029,TMAX,annual,38.4,38.8,38.1,1.1,1.5,0.7,5
Togo,Kara,ssp126,2021-2040,2030,PTOT,annual,1407.6,1645.3,1289.4,101.6,339.3,-16.6,5
Togo,Kara,ssp370,2021-2040,2030,PTOT,annual,1364,1481.5,1291.1,58,175.5,-14.9,5
Togo,Kara,ssp585,2021-2040,2030,PTOT,annual,1458.9,1689.1,1229.5,152.9,383.1,-76.5,5
Togo,Kara,ssp126,2021-2040,2030,TAVG,annual,29.2,29.6,29.1,0.7,1.1,0.6,5
Togo,Kara,ssp245,2021-2040,2030,TAVG,annual,29.2,29.4,28.8,0.7,0.9,0.2,5
Togo,Kara,ssp370,2021-2040,2030,TAVG,annual,29.1,29.3,28.9,0.6,0.8,0.4,5
Togo,Kara,ssp585,2021-2040,2030,TAVG,annual,29.2,29.4,29,0.7,0.8,0.5,5
Togo,Kara,ssp126,2021-2040,2030,TMAX,annual,38,38.5,37.8,0.7,1.2,0.5,5
Togo,Kara,ssp245,2021-2040,2030,TMAX,annual,37.8,38.2,37.2,0.4,0.9,-0.2,5
Togo,Kara,ssp370,2021-2040,2030,TMAX,annual,37.9,38.3,37.3,0.5,1,0,5
Togo,Kara,ssp585,2021-2040,2030,TMAX,annual,38.1,38.5,37.7,0.7,1.1,0.4,5
Togo,Kara,ssp126,2021-2040,2031,PTOT,annual,1312,1383.9,1199.5,6,77.9,-106.5,5
Togo,Kara,ssp370,2021-2040,2031,PTOT,annual,1263.9,1360.9,1211.6,-42.1,54.9,-94.4,5
Togo,Kara,ssp585,2021-2040,2031,PTOT,annual,1434.7,1960.4,1150.5,128.7,654.4,-155.5,5
Togo,Kara,ssp126,2021-2040,2031,TAVG,annual,29.3,29.7,29.2,0.8,1.2,0.7,5
Togo,Kara,ssp245,2021-2040,2031,TAVG,annual,29.3,29.5,28.9,0.8,1,0.4,5
Togo,Kara,ssp370,2021-2040,2031,TAVG,annual,29.2,29.4,29,0.7,0.9,0.5,5
Togo,Kara,ssp585,2021-2040,2031,TAVG,annual,29.3,29.5,29.1,0.8,1,0.6,5
Togo,Kara,ssp126,2021-2040,2031,TMAX,annual,38.2,38.7,37.9,0.8,1.4,0.6,5
Togo,Kara,ssp245,2021-2040,2031,TMAX,annual,38,38.5,37.1,0.6,1.1,-0.2,5
Togo,Kara,ssp370,2021-2040,2031,TMAX,annual,37.9,38.3,37.3,0.6,1,0,5
Togo,Kara,ssp585,2021-2040,2031,TMAX,annual,38,38.4,37.7,0.7,1.1,0.3,5
Togo,Kara,ssp126,2021-2040,2032,PTOT,annual,1285.6,1411.4,1152.5,-20.3,105.4,-153.5,5
Togo,Kara,ssp370,2021-2040,2032,PTOT,annual,1236.9,1331,1185.9,-69.1,25,-120.1,5
Togo,Kara,ssp585,2021-2040,2032,PTOT,annual,1388.8,1831.5,1111,82.8,525.5,-195,5
Togo,Kara,ssp126,2021-2040,2032,TAVG,annual,29.3,29.7,29.2,0.8,1.2,0.7,5
Togo,Kara,ssp245,2021-2040,2032,TAVG,annual,29.3,29.5,28.9,0.8,1,0.4,5
Togo,Kara,ssp370,2021-2040,2032,TAVG,annual,29.2,29.4,29,0.7,0.9,0.5,5
Togo,Kara,ssp585,2021-2040,2032,TAVG,annual,29.3,29.4,29.1,0.8,0.9,0.6,5
Togo,Kara,ssp126,2021-2040,2032,TMAX,annual,38.2,38.6,37.9,0.8,1.3,0.6,5
Togo,Kara,ssp245,2021-2040,2032,TMAX,annual,38,38.4,37.3,0.7,1,0,5
Togo,Kara,ssp370,2021-2040,2032,TMAX,annual,38,38.5,37.4,0.7,1.2,0.1,5
Togo,Kara,ssp585,2021-2040,2032,TMAX,annual,38.2,38.6,37.9,0.9,1.3,0.6,5
Togo,Kara,ssp126,2021-2040,2033,PTOT,annual,1412.3,1466.5,1318.7,106.3,160.5,12.7,5
Togo,Kara,ssp370,2021-2040,2033,PTOT,annual,1407.7,1537.5,1349,101.8,231.5,43,5
Togo,Kara,ssp585,2021-2040,2033,PTOT,annual,1510.2,1722.9,1274.2,204.2,416.9,-31.8,5
Togo,Kara,ssp126,2021-2040,2033,TAVG,annual,29.2,29.6,29.1,0.7,1.1,0.6,5
Togo,Kara,ssp245,2021-2040,2033,TAVG,annual,29.2,29.4,28.8,0.7,0.8,0.2,5
Togo,Kara,ssp370,2021-2040,2033,TAVG,annual,29.1,29.3,28.9,0.6,0.8,0.4,5
Togo,Kara,ssp585,2021-2040,2033,TAVG,annual,29.2,29.3,29,0.7,0.8,0.5,5
Togo,Kara,ssp126,2021-2040,2033,TMAX,annual,39,39.5,38.8,1.7,2.2,1.5,5
Togo,Kara,ssp245,2021-2040,2033,TMAX,annual,38.8,39.2,38.2,1.4,1.9,0.8,5
Togo,Kara,ssp370,2021-2040,2033,TMAX,annual,38.9,39.3,38.3,1.5,2,1,5
Togo,Kara,ssp585,2021-2040,2033,TMAX,annual,39.1,39.5,38.7,1.7,2.1,1.4,5
Togo,Kara,ssp126,2021-2040,2034,PTOT,annual,1338,1397.3,1253,32,91.3,-53,5
Togo,Kara,ssp370,2021-2040,2034,PTOT,annual,1340.6,1451.5,1287.6,34.6,145.5,-18.4,5
Togo,Kara,ssp585,2021-2040,2034,PTOT,annual,1398.2,1515.7,1215,92.2,209.7,-91,5
Togo,Kara,ssp126,2021-2040,2034,TAVG,annual,29,29.3,28.8,0.5,0.8,0.3,5
Togo,Kara,ssp245,2021-2040,2034,TAVG,annual,28.9,29.1,28.5,0.4,0.6,0,5
Togo,Kara,ssp370,2021-2040,2034,TAVG,annual,28.9,29,28.7,0.4,0.5,0.2,5
Togo,Kara,ssp585,2021-2040,2034,TAVG,annual,28.9,29.1,28.8,0.4,0.6,0.3,5
Togo,Kara,ssp126,2021-2040,2034,TMAX,annual,38.1,38.5,37.8,0.7,1.2,0.5,5
Togo,Kara,ssp245,2021-2040,2034,TMAX,annual,37.9,38.2,37.2,0.5,0.9,-0.1,5
Togo,Kara,ssp370,2021-2040,2034,TMAX,annual,37.9,38.4,37.3,0.6,1.1,0,5
Togo,Kara,ssp585,2021-2040,2034,TMAX,annual,38.1,38.5,37.8,0.8,1.2,0.4,5
Togo,Kara,ssp126,2021-2040,2035,PTOT,annual,1583.1,1662.3,1479.1,277.1,356.3,173.1,5
Togo,Kara,ssp370,2021-2040,2035,PTOT,annual,1576.1,1709.4,1526.7,270.1,403.4,220.7,5
Togo,Kara,ssp585,2021-2040,2035,PTOT,annual,1739.6,2188,1423.3,433.6,882,117.3,5
Togo,Kara,ssp126,2021-2040,2035,TAVG,annual,29.2,29.6,29.1,0.7,1.1,0.6,5
Togo,Kara,ssp245,2021-2040,2035,TAVG,annual,29.1,29.3,28.7,0.7,0.8,0.2,5
Togo,Kara,ssp370,2021-2040,2035,TAVG,annual,29.1,29.2,28.9,0.6,0.7,0.4,5
Togo,Kara,ssp585,2021-2040,2035,TAVG,annual,29.2,29.3,29,0.7,0.8,0.5,5
Togo,Kara,ssp126,2021-2040,2035,TMAX,annual,38.7,39.2,38.4,1.3,1.9,1.1,5
Togo,Kara,ssp245,2021-2040,2035,TMAX,annual,38.5,39,37.6,1.1,1.7,0.2,5
Togo,Kara,ssp370,2021-2040,2035,TMAX,annual,38.2,38.6,37.8,0.9,1.3,0.5,5
Togo,Kara,ssp585,2021-2040,2035,TMAX,annual,38.4,38.8,38.1,1.1,1.5,0.8,5
Togo,Kara,ssp126,2021-2040,2036,PTOT,annual,1556.2,1617.4,1448,250.3,311.4,142,5
Togo,Kara,ssp370,2021-2040,2036,PTOT,annual,1551.4,1654.2,1506.1,245.5,348.2,200.1,5
Togo,Kara,ssp585,2021-2040,2036,PTOT,annual,1707.1,2039.9,1394.2,401.2,733.9,88.2,5
Togo,Kara,ssp126,2021-2040,2036,TAVG,annual,29.5,29.9,29.4,1,1.4,0.9,5
Togo,Kara,ssp245,2021-2040,2036,TAVG,annual,29.4,29.6,29,0.9,1.1,0.5,5
Togo,Kara,ssp370,2021-2040,2036,TAVG,annual,29.4,29.5,29.2,0.9,1,0.7,5
Togo,Kara,ssp585,2021-2040,2036,TAVG,annual,29.4,29.6,29.3,0.9,1.1,0.8,5
Togo,Kara,ssp126,2021-2040,2036,TMAX,annual,39.2,39.6,38.9,1.8,2.3,1.6,5
Togo,Kara,ssp245,2021-2040,2036,TMAX,annual,38.9,39.5,38,1.6,2.1,0.7,5
Togo,Kara,ssp370,2021-2040,2036,TMAX,annual,38.7,39.1,38.2,1.4,1.8,0.9,5
Togo,Kara,ssp585,2021-2040,2036,TMAX,annual,38.9,39.3,38.6,1.5,1.9,1.2,5
Togo,Kara,ssp126,2021-2040,2037,PTOT,annual,1409,1495.8,1301.8,103,189.8,-4.2,5
Togo,Kara,ssp370,2021-2040,2037,PTOT,annual,1392.2,1509.5,1349.2,86.3,203.5,43.2,5
Togo,Kara,ssp585,2021-2040,2037,PTOT,annual,1570.4,2040.6,1252.5,264.4,734.6,-53.5,5
Togo,Kara,ssp126,2021-2040,2037,TAVG,annual,29,29.4,28.9,0.5,0.9,0.4,5
Togo,Kara,ssp245,2021-2040,2037,TAVG,annual,29,29.1,28.6,0.5,0.7,0,5
Togo,Kara,ssp370,2021-2040,2037,TAVG,annual,28.9,29.1,28.7,0.4,0.6,0.2,5
Togo,Kara,ssp585,2021-2040,2037,TAVG,annual,29,29.1,28.8,0.5,0.6,0.3,5
Togo,Kara,ssp126,2021-2040,2037,TMAX,annual,37.9,38.4,37.7,0.6,1.1,0.4,5
Togo,Kara,ssp245,2021-2040,2037,TMAX,annual,37.7,38.1,37.1,0.4,0.8,-0.3,5
Togo,Kara,ssp370,2021-2040,2037,TMAX,annual,37.8,38.2,37.1,0.4,0.9,-0.2,5
Togo,Kara,ssp585,2021-2040,2037,TMAX,annual,38,38.4,37.6,0.6,1,0.3,5
Togo,Kara,ssp126,2021-2040,2038,PTOT,annual,1691.6,1820.7,1535.3,385.6,514.7,229.3,5
Togo,Kara,ssp370,2021-2040,2038,PTOT,annual,1637.3,1765.5,1546,331.3,459.5,240,5
Togo,Kara,ssp585,2021-2040,2038,PTOT,annual,1922.2,2768.6,1458.1,616.3,1462.6,152.1,5
Togo,Kara,ssp126,2021-2040,2038,TAVG,annual,29.1,29.5,29,0.6,1,0.5,5
Togo,Kara,ssp245,2021-2040,2038,TAVG,annual,29,29.2,28.6,0.5,0.7,0.1,5
Togo,Kara,ssp370,2021-2040,2038,TAVG,annual,29,29.2,28.8,0.5,0.7,0.3,5
Togo,Kara,ssp585,2021-2040,2038,TAVG,annual,29.1,29.2,28.9,0.6,0.7,0.4,5
Togo,Kara,ssp126,2021-2040,2038,TMAX,annual,38,38.4,37.7,0.6,1.1,0.4,5
Togo,Kara,ssp245,2021-2040,2038,TMAX,annual,37.7,38.1,37.1,0.4,0.8,-0.2,5
Togo,Kara,ssp370,2021-2040,2038,TMAX,annual,37.8,38.3,37.2,0.5,1,-0.1,5
Togo,Kara,ssp585,2021-2040,2038,TMAX,annual,38,38.4,37.7,0.7,1.1,0.3,5
Togo,Kara,ssp126,2021-2040,2039,PTOT,annual,1132.5,1184.7,1048.8,-173.4,-121.3,-257.2,5
Togo,Kara,ssp370,2021-2040,2039,PTOT,annual,1101.2,1188.8,1031.7,-204.8,-117.2,-274.3,5
Togo,Kara,ssp585,2021-2040,2039,PTOT,annual,1283.3,1792.6,995.6,-22.6,486.6,-310.4,5
Togo,Kara,ssp126,2021-2040,2039,TAVG,annual,29.2,29.5,29,0.7,1,0.6,5
Togo,Kara,ssp245,2021-2040,2039,TAVG,annual,29.1,29.3,28.7,0.6,0.8,0.2,5
Togo,Kara,ssp370,2021-2040,2039,TAVG,annual,29.1,29.2,28.9,0.6,0.7,0.4,5
Togo,Kara,ssp585,2021-2040,2039,TAVG,annual,29.1,29.3,29,0.6,0.8,0.5,5
Togo,Kara,ssp126,2021-2040,2039,TMAX,annual,38.3,38.7,38,0.9,1.4,0.7,5
Togo,Kara,ssp245,2021-2040,2039,TMAX,annual,38,38.6,37.1,0.7,1.2,-0.2,5
Togo,Kara,ssp370,2021-2040,2039,TMAX,annual,37.8,38.2,37.3,0.5,0.9,0,5
Togo,Kara,ssp585,2021-2040,2039,TMAX,annual,38,38.4,37.7,0.6,1,0.4,5
Togo,Kara,ssp126,2021-2040,2040,PTOT,annual,1255.5,1403,1140.7,-50.5,97,-165.3,5
Togo,Kara,ssp370,2021-2040,2040,PTOT,annual,1207,1276.8,1134.5,-99,-29.2,-171.5,5
Togo,Kara,ssp585,2021-2040,2040,PTOT,annual,1324.9,1565,1086.4,18.9,259,-219.6,5
Togo,Kara,ssp126,2021-2040,2040,TAVG,annual,29.3,29.7,29.2,0.8,1.2,0.7,5
Togo,Kara,ssp245,2021-2040,2040,TAVG,annual,29.3,29.4,28.9,0.8,0.9,0.3,5
Togo,Kara,ssp370,2021-2040,2040,TAVG,annual,29.2,29.4,29,0.7,0.9,0.5,5
Togo,Kara,ssp585,2021-2040,2040,TAVG,annual,29.3,29.4,29.1,0.8,0.9,0.6,5
Togo,Kara,ssp126,2021-2040,2040,TMAX,annual,37.7,38.1,37.4,0.3,0.8,0.1,5
Togo,Kara,ssp245,2021-2040,2040,TMAX,annual,37.5,37.9,36.8,0.2,0.5,-0.5,5
Togo,Kara,ssp370,2021-2040,2040,TMAX,annual,37.5,38,36.9,0.2,0.7,-0.4,5
Togo,Kara,ssp585,2021-2040,2040,TMAX,annual,37.7,38.1,37.4,0.4,0.8,0,5
Togo,Kara,ssp126,2041-2060,2041,PTOT,annual,1558.2,1678.5,1379.6,252.3,372.5,73.6,5
Togo,Kara,ssp245,2041-2060,2041,PTOT,annual,1511.1,1624.2,1372.8,205.2,318.2,66.8,5
Togo,Kara,ssp370,2041-2060,2041,PTOT,annual,1639.9,1824.6,1497.4,333.9,518.6,191.4,5
Togo,Kara,ssp585,2041-2060,2041,PTOT,annual,1635.1,1775.9,1469.4,329.2,469.9,163.4,5
Togo,Kara,ssp126,2041-2060,2041,TAVG,annual,29.2,29.3,28.9,0.7,0.8,0.4,5
Togo,Kara,ssp245,2041-2060,2041,TAVG,annual,29.5,29.6,29.3,1,1.1,0.8,5
Togo,Kara,ssp370,2041-2060,2041,TAVG,annual,29.5,29.8,29.3,1,1.3,0.8,5
Togo,Kara,ssp585,2041-2060,2041,TAVG,annual,29.6,30.2,28.6,1.1,1.7,0.1,5
Togo,Kara,ssp126,2041-2060,2041,TMAX,annual,38,38.5,37.5,0.7,1.2,0.2,5
Togo,Kara,ssp245,2041-2060,2041,TMAX,annual,38.4,38.6,38.1,1,1.3,0.7,5
Togo,Kara,ssp370,2041-2060,2041,TMAX,annual,38.3,38.8,37.6,0.9,1.5,0.3,5
Togo,Kara,ssp585,2041-2060,2041,TMAX,annual,38.4,39.1,36.8,1,1.8,-0.6,5
Togo,Kara,ssp126,2041-2060,2042,PTOT,annual,1403.8,1496.5,1268,97.8,190.5,-38,5
Togo,Kara,ssp245,2041-2060,2042,PTOT,annual,1390,1443.9,1329.1,84,137.9,23.1,5
Togo,Kara,ssp370,2041-2060,2042,PTOT,annual,1463.4,1631.5,1342.8,157.5,325.5,36.8,5
Togo,Kara,ssp585,2041-2060,2042,PTOT,annual,1491.9,1602.8,1346.2,185.9,296.8,40.2,5
Togo,Kara,ssp126,2041-2060,2042,TAVG,annual,29.1,29.2,28.9,0.6,0.7,0.4,5
Togo,Kara,ssp245,2041-2060,2042,TAVG,annual,29.4,29.6,29.2,0.9,1.1,0.7,5
Togo,Kara,ssp370,2041-2060,2042,TAVG,annual,29.4,29.7,29.2,0.9,1.2,0.7,5
Togo,Kara,ssp585,2041-2060,2042,TAVG,annual,29.5,30.1,28.6,1,1.6,0.1,5
Togo,Kara,ssp126,2041-2060,2042,TMAX,annual,38.1,38.4,37.8,0.8,1.1,0.5,5
Togo,Kara,ssp245,2041-2060,2042,TMAX,annual,38.4,38.6,38.2,1,1.2,0.8,5
Togo,Kara,ssp370,2041-2060,2042,TMAX,annual,38.3,38.7,37.5,0.9,1.4,0.2,5
Togo,Kara,ssp585,2041-2060,2042,TMAX,annual,38.4,39.4,36.7,1.1,2.1,-0.6,5
Togo,Kara,ssp126,2041-2060,2043,PTOT,annual,1467.7,1589,1313.5,161.7,283,7.5,5
Togo,Kara,ssp245,2041-2060,2043,PTOT,annual,1449,1522.3,1397.2,143,216.3,91.2,5
Togo,Kara,ssp370,2041-2060,2043,PTOT,annual,1551.2,1742,1414.4,245.2,436,108.4,5
Togo,Kara,ssp585,2041-2060,2043,PTOT,annual,1542.4,1688.3,1426.4,236.5,382.3,120.4,5
Togo,Kara,ssp126,2041-2060,2043,TAVG,annual,29.2,29.3,28.9,0.7,0.8,0.4,5
Togo,Kara,ssp245,2041-2060,2043,TAVG,annual,29.5,29.6,29.3,1,1.1,0.8,5
Togo,Kara,ssp370,2041-2060,2043,TAVG,annual,29.5,29.8,29.3,1,1.3,0.8,5
Togo,Kara,ssp585,2041-2060,2043,TAVG,annual,29.6,30.2,28.6,1.1,1.7,0.1,5
Togo,Kara,ssp126,2041-2060,2043,TMAX,annual,37,37.3,36.7,-0.3,0,-0.6,5
Togo,Kara,ssp245,2041-2060,2043,TMAX,annual,37.2,37.3,37,-0.1,0,-0.3,5
Togo,Kara,ssp370,2041-2060,2043,TMAX,annual,37.1,37.7,36.2,-0.3,0.4,-1.1,5
Togo,Kara,ssp585,2041-2060,2043,TMAX,annual,37.4,38.3,35.9,0.1,1,-1.5,5
Togo,Kara,ssp126,2041-2060,2044,PTOT,annual,1459.3,1573.8,1298.6,153.3,267.8,-7.4,5
Togo,Kara,ssp245,2041-2060,2044,PTOT,annual,1440.1,1507.1,1370.7,134.1,201.1,64.7,5
Togo,Kara,ssp370,2041-2060,2044,PTOT,annual,1521.8,1726.2,1388.8,215.8,420.2,82.8,5
Togo,Kara,ssp585,2041-2060,2044,PTOT,annual,1542.2,1663.1,1397.4,236.3,357.1,91.4,5
Togo,Kara,ssp126,2041-2060,2044,TAVG,annual,29.6,29.8,29.4,1.1,1.3,0.9,5
Togo,Kara,ssp245,2041-2060,2044,TAVG,annual,29.9,30.1,29.7,1.4,1.6,1.2,5
Togo,Kara,ssp370,2041-2060,2044,TAVG,annual,29.9,30.3,29.7,1.4,1.8,1.2,5
Togo,Kara,ssp585,2041-2060,2044,TAVG,annual,30,30.6,29.1,1.5,2.1,0.6,5
Togo,Kara,ssp126,2041-2060,2044,TMAX,annual,38.7,39.1,38.2,1.3,1.8,0.9,5
Togo,Kara,ssp245,2041-2060,2044,TMAX,annual,39,39.2,38.7,1.6,1.9,1.3,5
Togo,Kara,ssp370,2041-2060,2044,TMAX,annual,38.9,39.3,38.2,1.5,2,0.9,5
Togo,Kara,ssp585,2041-2060,2044,TMAX,annual,39,39.9,37.4,1.6,2.5,0,5
Togo,Kara,ssp126,2041-2060,2045,PTOT,annual,1501.2,1651.4,1349.5,195.2,345.4,43.5,5
Togo,Kara,ssp245,2041-2060,2045,PTOT,annual,1469.6,1546.7,1421.5,163.7,240.7,115.5,5
Togo,Kara,ssp370,2041-2060,2045,PTOT,annual,1571.2,1798.4,1426.3,265.3,492.4,120.3,5
Togo,Kara,ssp585,2041-2060,2045,PTOT,annual,1594.2,1734.8,1417.7,288.2,428.8,111.7,5
Togo,Kara,ssp126,2041-2060,2045,TAVG,annual,29.3,29.4,29,0.8,0.9,0.6,5
Togo,Kara,ssp245,2041-2060,2045,TAVG,annual,29.6,29.8,29.4,1.1,1.2,0.9,5
Togo,Kara,ssp370,2041-2060,2045,TAVG,annual,29.6,29.9,29.4,1.1,1.4,0.9,5
Togo,Kara,ssp585,2041-2060,2045,TAVG,annual,29.7,30.3,28.7,1.2,1.8,0.2,5
Togo,Kara,ssp126,2041-2060,2045,TMAX,annual,37.8,38.3,37.3,0.5,1,0,5
Togo,Kara,ssp245,2041-2060,2045,TMAX,annual,38.2,38.5,37.9,0.9,1.2,0.6,5
Togo,Kara,ssp370,2041-2060,2045,TMAX,annual,38.1,38.6,37.4,0.8,1.3,0.1,5
Togo,Kara,ssp585,2041-2060,2045,TMAX,annual,38.2,39,36.6,0.9,1.7,-0.7,5
Togo,Kara,ssp126,2041-2060,2046,PTOT,annual,1349.9,1454.9,1238.4,44,148.9,-67.6,5
Togo,Kara,ssp245,2041-2060,2046,PTOT,annual,1345.8,1416.7,1274.4,39.8,110.7,-31.6,5
Togo,Kara,ssp370,2041-2060,2046,PTOT,annual,1412.1,1590.2,1284.2,106.1,284.2,-21.8,5
Togo,Kara,ssp585,2041-2060,2046,PTOT,annual,1409.7,1530.8,1296.4,103.7,224.8,-9.6,5
Togo,Kara,ssp126,2041-2060,2046,TAVG,annual,29.1,29.2,28.9,0.6,0.7,0.3,5
Togo,Kara,ssp245,2041-2060,2046,TAVG,annual,29.4,29.6,29.2,0.9,1.1,0.7,5
Togo,Kara,ssp370,2041-2060,2046,TAVG,annual,29.4,29.7,29.2,0.9,1.2,0.7,5
Togo,Kara,ssp585,2041-2060,2046,TAVG,annual,29.5,30.1,28.6,1,1.6,0,5
Togo,Kara,ssp126,2041-2060,2046,TMAX,annual,38.2,38.7,37.6,0.8,1.4,0.3,5
Togo,Kara,ssp245,2041-2060,2046,TMAX,annual,38.6,38.8,38.2,1.2,1.5,0.9,5
Togo,Kara,ssp370,2041-2060,2046,TMAX,annual,38.4,38.9,37.7,1.1,1.6,0.4,5
Togo,Kara,ssp585,2041-2060,2046,TMAX,annual,38.6,39.3,37,1.2,2,-0.4,5
Togo,Kara,ssp126,2041-2060,2047,PTOT,annual,1151.6,1267.1,989.9,-154.4,-38.9,-316.1,5
Togo,Kara,ssp245,2041-2060,2047,PTOT,annual,1122.2,1193.4,1040.3,-183.7,-112.6,-265.7,5
Togo,Kara,ssp370,2041-2060,2047,PTOT,annual,1196.3,1387.5,1088.2,-109.7,81.5,-217.8,5
Togo,Kara,ssp585,2041-2060,2047,PTOT,annual,1198.9,1326.6,1073.7,-107,20.6,-232.3,5
Togo,Kara,ssp126,2041-2060,2047,TAVG,annual,29.2,29.4,29,0.7,0.9,0.5,5
Togo,Kara,ssp245,2041-2060,2047,TAVG,annual,29.6,29.7,29.4,1.1,1.2,0.8,5
Togo,Kara,ssp370,2041-2060,2047,TAVG,annual,29.6,29.9,29.3,1.1,1.4,0.8,5
Togo,Kara,ssp585,2041-2060,2047,TAVG,annual,29.7,30.3,28.7,1.2,1.8,0.2,5
Togo,Kara,ssp126,2041-2060,2047,TMAX,annual,38.5,39,38,1.2,1.7,0.7,5
Togo,Kara,ssp245,2041-2060,2047,TMAX,annual,38.9,39.2,38.6,1.6,1.8,1.2,5
Togo,Kara,ssp370,2041-2060,2047,TMAX,annual,38.8,39.3,38.1,1.5,2,0.8,5
Togo,Kara,ssp585,2041-2060,2047,TMAX,annual,38.9,39.7,37.3,1.6,2.3,0,5
Togo,Kara,ssp126,2041-2060,2048,PTOT,annual,1307.7,1412.7,1184.8,1.7,106.7,-121.2,5
Togo,Kara,ssp245,2041-2060,2048,PTOT,annual,1275.8,1358.9,1215,-30.1,52.9,-91,5
Togo,Kara,ssp370,2041-2060,2048,PTOT,annual,1383.2,1541.4,1256.9,77.2,235.4,-49.1,5
Togo,Kara,ssp585,2041-2060,2048,PTOT,annual,1373.9,1490,1240.5,67.9,184,-65.5,5
Togo,Kara,ssp126,2041-2060,2048,TAVG,annual,29.4,29.5,29.1,0.9,1,0.7,5
Togo,Kara,ssp245,2041-2060,2048,TAVG,annual,29.7,29.9,29.5,1.2,1.4,1,5
Togo,Kara,ssp370,2041-2060,2048,TAVG,annual,29.7,30,29.5,1.2,1.5,1,5
Togo,Kara,ssp585,2041-2060,2048,TAVG,annual,29.8,30.4,28.9,1.3,1.9,0.4,5
Togo,Kara,ssp126,2041-2060,2048,TMAX,annual,38.5,38.9,38.1,1.2,1.6,0.8,5
Togo,Kara,ssp245,2041-2060,2048,TMAX,annual,38.8,39.1,38.5,1.5,1.8,1.2,5
Togo,Kara,ssp370,2041-2060,2048,TMAX,annual,38.7,39.2,38,1.4,1.9,0.7,5
Togo,Kara,ssp585,2041-2060,2048,TMAX,annual,38.8,39.6,37.2,1.5,2.3,-0.1,5
Togo,Kara,ssp126,2041-2060,2049,PTOT,annual,1599.1,1727.4,1398.4,293.2,421.4,92.4,5
Togo,Kara,ssp245,2041-2060,2049,PTOT,annual,1559.7,1656.1,1443.3,253.7,350.1,137.3,5
Togo,Kara,ssp370,2041-2060,2049,PTOT,annual,1679.4,1893.7,1538.8,373.4,587.7,232.8,5
Togo,Kara,ssp585,2041-2060,2049,PTOT,annual,1703.2,1846.7,1535,397.2,540.7,229,5
Togo,Kara,ssp126,2041-2060,2049,TAVG,annual,29.6,29.7,29.3,1.1,1.2,0.8,5
Togo,Kara,ssp245,2041-2060,2049,TAVG,annual,29.9,30,29.7,1.4,1.6,1.2,5
Togo,Kara,ssp370,2041-2060,2049,TAVG,annual,29.9,30.2,29.7,1.4,1.7,1.2,5
Togo,Kara,ssp585,2041-2060,2049,TAVG,annual,30,30.6,29,1.5,2.1,0.5,5
Togo,Kara,ssp126,2041-2060,2049,TMAX,annual,38.7,39.1,38.2,1.3,1.8,0.9,5
Togo,Kara,ssp245,2041-2060,2049,TMAX,annual,39,39.3,38.7,1.7,1.9,1.4,5
Togo,Kara,ssp370,2041-2060,2049,TMAX,annual,38.9,39.4,38.2,1.6,2.1,0.9,5
Togo,Kara,ssp585,2041-2060,2049,TMAX,annual,39,39.8,37.4,1.7,2.4,0,5
Togo,Kara,ssp126,2041-2060,2050,PTOT,annual,1347.7,1474,1227,41.8,168,-79,5
Togo,Kara,ssp245,2041-2060,2050,PTOT,annual,1366.2,1519,1297,60.2,213,-9,5
Togo,Kara,ssp370,2041-2060,2050,PTOT,annual,1402.8,1584.5,1274,96.8,278.5,-32,5
Togo,Kara,ssp585,2041-2060,2050,PTOT,annual,1413.8,1524.9,1328,107.9,218.9,22,5
Togo,Kara,ssp126,2041-2060,2050,TAVG,annual,29.5,29.7,29.3,1,1.2,0.8,5
Togo,Kara,ssp245,2041-2060,2050,TAVG,annual,29.8,30,29.6,1.3,1.5,1.1,5
Togo,Kara,ssp370,2041-2060,2050,TAVG,annual,29.8,30.2,29.6,1.3,1.7,1.1,5
Togo,Kara,ssp585,2041-2060,2050,TAVG,annual,29.9,30.6,29,1.4,2,0.5,5
Togo,Kara,ssp126,2041-2060,2050,TMAX,annual,38.3,38.8,37.8,1,1.5,0.5,5
Togo,Kara,ssp245,2041-2060,2050,TMAX,annual,38.7,39,38.4,1.3,1.6,1,5
Togo,Kara,ssp370,2041-2060,2050,TMAX,annual,38.6,39.1,37.9,1.2,1.8,0.6,5
Togo,Kara,ssp585,2041-2060,2050,TMAX,annual,38.7,39.5,37.1,1.3,2.1,-0.3,5
Togo,Kara,ssp126,2041-2060,2051,PTOT,annual,1263.3,1368.4,1161.9,-42.6,62.4,-144.1,5
Togo,Kara,ssp245,2041-2060,2051,PTOT,annual,1247.8,1300.6,1173,-58.2,-5.4,-133,5
Togo,Kara,ssp370,2041-2060,2051,PTOT,annual,1315.5,1482.8,1186.4,9.6,176.8,-119.6,5
Togo,Kara,ssp585,2041-2060,2051,PTOT,annual,1330.7,1441.9,1208.3,24.8,135.9,-97.7,5
Togo,Kara,ssp126,2041-2060,2051,TAVG,annual,29.6,29.8,29.4,1.1,1.3,0.9,5
Togo,Kara,ssp245,2041-2060,2051,TAVG,annual,29.9,30.1,29.7,1.4,1.6,1.2,5
Togo,Kara,ssp370,2041-2060,2051,TAVG,annual,29.9,30.3,29.7,1.4,1.8,1.2,5
Togo,Kara,ssp585,2041-2060,2051,TAVG,annual,30.1,30.7,29.1,1.6,2.2,0.6,5
Togo,Kara,ssp126,2041-2060,2051,TMAX,annual,38.4,38.7,38.1,1.1,1.4,0.8,5
Togo,Kara,ssp245,2041-2060,2051,TMAX,annual,38.7,38.9,38.5,1.3,1.6,1.1,5
Togo,Kara,ssp370,2041-2060,2051,TMAX,annual,38.6,39,37.8,1.2,1.7,0.5,5
Togo,Kara,ssp585,2041-2060,2051,TMAX,annual,38.8,39.8,37,1.4,2.4,-0.3,5
Togo,Kara,ssp126,2041-2060,2052,PTOT,annual,1236.5,1340.7,1128.5,-69.5,34.7,-177.5,5
Togo,Kara,ssp245,2041-2060,2052,PTOT,annual,1237.5,1336.8,1156.2,-68.4,30.8,-149.8,5
Togo,Kara,ssp370,2041-2060,2052,PTOT,annual,1285.1,1467.7,1168.2,-20.9,161.7,-137.8,5
Togo,Kara,ssp585,2041-2060,2052,PTOT,annual,1309.6,1427.4,1186.3,3.7,121.4,-119.7,5
Togo,Kara,ssp126,2041-2060,2052,TAVG,annual,29.6,29.8,29.4,1.1,1.3,0.9,5
Togo,Kara,ssp245,2041-2060,2052,TAVG,annual,29.9,30.1,29.7,1.4,1.6,1.2,5
Togo,Kara,ssp370,2041-2060,2052,TAVG,annual,29.9,30.3,29.7,1.4,1.8,1.2,5
Togo,Kara,ssp585,2041-2060,2052,TAVG,annual,30.1,30.7,29.1,1.6,2.2,0.6,5
Togo,Kara,ssp126,2041-2060,2052,TMAX,annual,38.5,38.9,38.1,1.2,1.6,0.8,5
Togo,Kara,ssp245,2041-2060,2052,TMAX,annual,38.8,39.1,38.5,1.5,1.8,1.2,5
Togo,Kara,ssp370,2041-2060,2052,TMAX,annual,38.7,39.2,38,1.4,1.9,0.7,5
Togo,Kara,ssp585,2041-2060,2052,TMAX,annual,38.8,39.6,37.3,1.5,2.3,0,5
Togo,Kara,ssp126,2041-2060,2053,PTOT,annual,1399.6,1523,1240.7,93.7,217,-65.3,5
Togo,Kara,ssp245,2041-2060,2053,PTOT,annual,1365.6,1452.5,1275,59.7,146.5,-31,5
Togo,Kara,ssp370,2041-2060,2053,PTOT,annual,1466.9,1659.7,1338.3,161,353.7,32.3,5
Togo,Kara,ssp585,2041-2060,2053,PTOT,annual,1470.8,1602.2,1327.8,164.9,296.2,21.8,5
Togo,Kara,ssp126,2041-2060,2053,TAVG,annual,29.5,29.7,29.3,1,1.2,0.8,5
Togo,Kara,ssp245,2041-2060,2053,TAVG,annual,29.8,30,29.6,1.3,1.5,1.1,5
Togo,Kara,ssp370,2041-2060,2053,TAVG,annual,29.8,30.2,29.6,1.3,1.7,1.1,5
Togo,Kara,ssp585,2041-2060,2053,TAVG,annual,29.9,30.6,29,1.4,2,0.5,5
Togo,Kara,ssp126,2041-2060,2053,TMAX,annual,39.3,39.8,38.8,2,2.5,1.5,5
Togo,Kara,ssp245,2041-2060,2053,TMAX,annual,39.7,40,39.4,2.3,2.6,2,5
Togo,Kara,ssp370,2041-2060,2053,TMAX,annual,39.6,40.1,38.9,2.2,2.8,1.6,5
Togo,Kara,ssp585,2041-2060,2053,TMAX,annual,39.7,40.5,38.1,2.3,3.1,0.7,5
Togo,Kara,ssp126,2041-2060,2054,PTOT,annual,1332.3,1436.9,1192.1,26.4,130.9,-113.9,5
Togo,Kara,ssp245,2041-2060,2054,PTOT,annual,1302.3,1381.1,1251.8,-3.7,75.1,-54.2,5
Togo,Kara,ssp370,2041-2060,2054,PTOT,annual,1396.9,1569.4,1269.9,90.9,263.4,-36.1,5
Togo,Kara,ssp585,2041-2060,2054,PTOT,annual,1387.1,1498.9,1258.4,81.1,192.9,-47.6,5
Togo,Kara,ssp126,2041-2060,2054,TAVG,annual,29.3,29.4,29,0.8,0.9,0.5,5
Togo,Kara,ssp245,2041-2060,2054,TAVG,annual,29.6,29.7,29.4,1.1,1.2,0.9,5
Togo,Kara,ssp370,2041-2060,2054,TAVG,annual,29.6,29.9,29.4,1.1,1.4,0.9,5
Togo,Kara,ssp585,2041-2060,2054,TAVG,annual,29.7,30.3,28.7,1.2,1.8,0.2,5
Togo,Kara,ssp126,2041-2060,2054,TMAX,annual,38.4,38.8,37.9,1,1.5,0.6,5
Togo,Kara,ssp245,2041-2060,2054,TMAX,annual,38.7,39,38.4,1.4,1.7,1.1,5
Togo,Kara,ssp370,2041-2060,2054,TMAX,annual,38.6,39.1,37.9,1.3,1.8,0.6,5
Togo,Kara,ssp585,2041-2060,2054,TMAX,annual,38.7,39.5,37.1,1.4,2.2,-0.2,5
Togo,Kara,ssp126,2041-2060,2055,PTOT,annual,1563.1,1677,1382.9,257.1,371,76.9,5
Togo,Kara,ssp245,2041-2060,2055,PTOT,annual,1520.4,1610.5,1398.1,214.5,304.5,92.1,5
Togo,Kara,ssp370,2041-2060,2055,PTOT,annual,1635.7,1832.4,1502.3,329.7,526.4,196.3,5
Togo,Kara,ssp585,2041-2060,2055,PTOT,annual,1654.5,1778.2,1484.5,348.5,472.2,178.5,5
Togo,Kara,ssp126,2041-2060,2055,TAVG,annual,29.5,29.7,29.3,1,1.2,0.8,5
Togo,Kara,ssp245,2041-2060,2055,TAVG,annual,29.8,30,29.6,1.3,1.5,1.1,5
Togo,Kara,ssp370,2041-2060,2055,TAVG,annual,29.8,30.2,29.6,1.3,1.7,1.1,5
Togo,Kara,ssp585,2041-2060,2055,TAVG,annual,29.9,30.5,29,1.4,2,0.5,5
Togo,Kara,ssp126,2041-2060,2055,TMAX,annual,38.9,39.2,38.6,1.5,1.9,1.3,5
Togo,Kara,ssp245,2041-2060,2055,TMAX,annual,39.1,39.3,38.9,1.8,2,1.6,5
Togo,Kara,ssp370,2041-2060,2055,TMAX,annual,38.9,39.5,38,1.6,2.2,0.7,5
Togo,Kara,ssp585,2041-2060,2055,TMAX,annual,39,40.3,36.3,1.6,2.9,-1,5
Togo,Kara,ssp126,2041-2060,2056,PTOT,annual,1550.3,1701.1,1350.9,244.4,395.1,44.9,5
Togo,Kara,ssp245,2041-2060,2056,PTOT,annual,1507.6,1592.7,1366.8,201.7,286.7,60.8,5
Togo,Kara,ssp370,2041-2060,2056,PTOT,annual,1631.6,1873.7,1495.7,325.7,567.7,189.7,5
Togo,Kara,ssp585,2041-2060,2056,PTOT,annual,1649,1821.6,1480.8,343,515.6,174.8,5
Togo,Kara,ssp126,2041-2060,2056,TAVG,annual,29.8,29.9,29.6,1.3,1.4,1.1,5
Togo,Kara,ssp245,2041-2060,2056,TAVG,annual,30.1,30.3,29.9,1.6,1.8,1.4,5
Togo,Kara,ssp370,2041-2060,2056,TAVG,annual,30.1,30.4,29.9,1.6,1.9,1.4,5
Togo,Kara,ssp585,2041-2060,2056,TAVG,annual,30.2,30.8,29.2,1.7,2.3,0.8,5
Togo,Kara,ssp126,2041-2060,2056,TMAX,annual,39.4,39.7,39.1,2,2.4,1.8,5
Togo,Kara,ssp245,2041-2060,2056,TMAX,annual,39.6,39.8,39.4,2.3,2.4,2,5
Togo,Kara,ssp370,2041-2060,2056,TMAX,annual,39.4,40,38.5,2.1,2.7,1.2,5
Togo,Kara,ssp585,2041-2060,2056,TMAX,annual,39.6,40.7,37.6,2.2,3.4,0.2,5
Togo,Kara,ssp126,2041-2060,2057,PTOT,annual,1388.3,1506,1233,82.4,200,-73,5
Togo,Kara,ssp245,2041-2060,2057,PTOT,annual,1342.2,1443.3,1220.3,36.3,137.3,-85.7,5
Togo,Kara,ssp370,2041-2060,2057,PTOT,annual,1470.8,1654.7,1336.6,164.8,348.7,30.6,5
Togo,Kara,ssp585,2041-2060,2057,PTOT,annual,1477.5,1608.1,1311.3,171.5,302.1,5.3,5
Togo,Kara,ssp126,2041-2060,2057,TAVG,annual,29.3,29.5,29.1,0.8,1,0.6,5
Togo,Kara,ssp245,2041-2060,2057,TAVG,annual,29.6,29.8,29.4,1.1,1.3,0.9,5
Togo,Kara,ssp370,2041-2060,2057,TAVG,annual,29.6,30,29.4,1.1,1.5,0.9,5
Togo,Kara,ssp585,2041-2060,2057,TAVG,annual,29.7,30.3,28.8,1.2,1.8,0.3,5
Togo,Kara,ssp126,2041-2060,2057,TMAX,annual,38.2,38.7,37.8,0.9,1.4,0.5,5
Togo,Kara,ssp245,2041-2060,2057,TMAX,annual,38.6,38.8,38.2,1.2,1.5,0.9,5
Togo,Kara,ssp370,2041-2060,2057,TMAX,annual,38.4,38.9,37.7,1.1,1.6,0.4,5
Togo,Kara,ssp585,2041-2060,2057,TMAX,annual,38.6,39.3,37,1.2,2,-0.4,5
Togo,Kara,ssp126,2041-2060,2058,PTOT,annual,1627.5,1757.4,1451.9,321.6,451.4,145.9,5
Togo,Kara,ssp245,2041-2060,2058,PTOT,annual,1579,1707.9,1457.8,273,401.9,151.8,5
Togo,Kara,ssp370,2041-2060,2058,PTOT,annual,1728.6,1915,1570.1,422.6,609,264.1,5
Togo,Kara,ssp585,2041-2060,2058,PTOT,annual,1756.7,1870.7,1580.2,450.8,564.7,274.2,5
Togo,Kara,ssp126,2041-2060,2058,TAVG,annual,29.4,29.6,29.2,0.9,1,0.7,5
Togo,Kara,ssp245,2041-2060,2058,TAVG,annual,29.7,29.9,29.5,1.2,1.4,1,5
Togo,Kara,ssp370,2041-2060,2058,TAVG,annual,29.7,30,29.5,1.2,1.6,1,5
Togo,Kara,ssp585,2041-2060,2058,TAVG,annual,29.8,30.4,28.9,1.3,1.9,0.4,5
Togo,Kara,ssp126,2041-2060,2058,TMAX,annual,38.2,38.7,37.7,0.9,1.4,0.4,5
Togo,Kara,ssp245,2041-2060,2058,TMAX,annual,38.6,38.9,38.3,1.3,1.6,1,5
Togo,Kara,ssp370,2041-2060,2058,TMAX,annual,38.5,39,37.8,1.2,1.7,0.5,5
Togo,Kara,ssp585,2041-2060,2058,TMAX,annual,38.6,39.4,37,1.3,2,-0.3,5
Togo,Kara,ssp126,2041-2060,2059,PTOT,annual,1098.7,1195.7,997.9,-207.2,-110.3,-308.1,5
Togo,Kara,ssp245,2041-2060,2059,PTOT,annual,1069.2,1143.7,1002.2,-236.8,-162.3,-303.8,5
Togo,Kara,ssp370,2041-2060,2059,PTOT,annual,1172.5,1307.9,1053.2,-133.5,1.9,-252.8,5
Togo,Kara,ssp585,2041-2060,2059,PTOT,annual,1177.7,1275.2,1067.5,-128.3,-30.8,-238.5,5
Togo,Kara,ssp126,2041-2060,2059,TAVG,annual,29.5,29.6,29.2,1,1.1,0.8,5
Togo,Kara,ssp245,2041-2060,2059,TAVG,annual,29.8,30,29.6,1.3,1.5,1.1,5
Togo,Kara,ssp370,2041-2060,2059,TAVG,annual,29.8,30.1,29.6,1.3,1.6,1.1,5
Togo,Kara,ssp585,2041-2060,2059,TAVG,annual,29.9,30.5,29,1.4,2,0.4,5
Togo,Kara,ssp126,2041-2060,2059,TMAX,annual,38.5,38.8,38.2,1.1,1.5,0.9,5
Togo,Kara,ssp245,2041-2060,2059,TMAX,annual,38.7,38.9,38.5,1.4,1.5,1.1,5
Togo,Kara,ssp370,2041-2060,2059,TMAX,annual,38.5,39.1,37.6,1.2,1.8,0.3,5
Togo,Kara,ssp585,2041-2060,2059,TMAX,annual,38.7,39.9,36.6,1.3,2.5,-0.7,5
Togo,Kara,ssp126,2041-2060,2060,PTOT,annual,1207.1,1320.3,1117.7,-98.9,14.3,-188.3,5
Togo,Kara,ssp245,2041-2060,2060,PTOT,annual,1213.2,1318.2,1155.5,-92.8,12.2,-150.5,5
Togo,Kara,ssp370,2041-2060,2060,PTOT,annual,1275.9,1443.9,1156.1,-30,137.9,-149.9,5
Togo,Kara,ssp585,2041-2060,2060,PTOT,annual,1280.5,1407.4,1196.6,-25.4,101.4,-109.4,5
Togo,Kara,ssp126,2041-2060,2060,TAVG,annual,29.6,29.8,29.4,1.1,1.3,0.9,5
Togo,Kara,ssp245,2041-2060,2060,TAVG,annual,29.9,30.1,29.7,1.4,1.6,1.2,5
Togo,Kara,ssp370,2041-2060,2060,TAVG,annual,29.9,30.3,29.7,1.4,1.8,1.2,5
Togo,Kara,ssp585,2041-2060,2060,TAVG,annual,30,30.6,29.1,1.5,2.1,0.6,5
Togo,Kara,ssp126,2041-2060,2060,TMAX,annual,38,38.4,37.5,0.7,1.1,0.2,5
Togo,Kara,ssp245,2041-2060,2060,TMAX,annual,38.3,38.6,38,1,1.3,0.7,5
Togo,Kara,ssp370,2041-2060,2060,TMAX,annual,38.2,38.7,37.5,0.9,1.4,0.2,5
Togo,Kara,ssp585,2041-2060,2060,TMAX,annual,38.3,39.1,36.7,1,1.8,-0.6,5